{"stats":{"minecraft:picked_up":{"minecraft:oak_sapling":1},"minecraft:mined":{"minecraft:birch_leaves":1,"minecraft:oak_leaves":4},"minecraft:used":{"alexsmobs:animal_dictionary":7},"minecraft:custom":{"minecraft:jump":38,"minecraft:time_since_rest":8039,"minecraft:leave_game":1,"minecraft:damage_taken":150,"minecraft:play_time":8039,"minecraft:time_since_death":8039,"minecraft:walk_one_cm":4939,"minecraft:total_world_time":8039,"minecraft:fall_one_cm":1740,"minecraft:fly_one_cm":646}},"DataVersion":3465}