{"stats":{"minecraft:dropped":{"minecraft:dirt":5,"minecraft:oak_log":1},"minecraft:picked_up":{"minecraft:stick":4,"minecraft:sand":2,"minecraft:oak_log":12,"minecraft:oak_sapling":3,"minecraft:dirt":34},"minecraft:mined":{"supplementaries:stick":1,"minecraft:grass_block":3,"minecraft:sand":2,"minecraft:dirt":1,"minecraft:birch_leaves":2,"treechop:chopped_log":2,"minecraft:oak_leaves":9},"minecraft:used":{"minecraft:stick":3,"minecraft:sand":2,"alexsmobs:animal_dictionary":2},"minecraft:custom":{"minecraft:time_since_rest":7709,"minecraft:play_time":33769,"minecraft:crouch_one_cm":1944,"minecraft:sprint_one_cm":19986,"minecraft:damage_taken":1648,"minecraft:walk_one_cm":55580,"minecraft:deaths":6,"minecraft:sneak_time":275,"minecraft:walk_under_water_one_cm":47,"minecraft:drop":6,"minecraft:jump":165,"minecraft:damage_dealt_resisted":8,"minecraft:damage_dealt":293,"minecraft:leave_game":3,"minecraft:time_since_death":7671,"minecraft:walk_on_water_one_cm":2533,"minecraft:total_world_time":33769,"minecraft:swim_one_cm":4084,"minecraft:fall_one_cm":10043,"minecraft:fly_one_cm":21883},"minecraft:killed_by":{"born_in_chaos_v1:skeleton_thrasher":1,"minecraft:spider":3,"minecraft:zombie":2}},"DataVersion":3465}